INSERT INTO MenuItems (DishID, DishName, Description, Ingredients, Price, Currency, Category)
VALUES
    (1, 'Spaghetti Bolognese', 'Classic Italian pasta dish with meat sauce', 'Pasta, ground beef, tomatoes, onions, garlic', 44.99,'LEI', 'Main Course'),
    (2, 'Caesar Salad', 'Fresh romaine lettuce with Caesar dressing', 'Romaine lettuce, croutons, Parmesan cheese', 31.99, 'Lei', 'Appetizer'),
    (3, 'Margherita Pizza', 'Traditional Italian pizza with tomato sauce and mozzarella cheese', 'Pizza dough, tomato sauce, mozzarella cheese', 31.99, 'Lei', 'Main Course'),
    (4, 'Chicken Alfredo', 'Creamy pasta dish with grilled chicken', 'Pasta, grilled chicken, Alfredo sauce, Parmesan cheese', 42.99, 'Lei', 'Main Course'),
    (5, 'Garlic Bread', 'Toasted bread with garlic and butter', 'Bread, garlic, butter', 31.99, 'Lei', 'Appetizer'),
    (6, 'Beef Burger', 'Juicy beef patty with cheese and vegetables', 'Beef patty, cheese, lettuce, tomato, onion', 49.99, 'Lei', 'Main Course'),
    (7, 'French Fries', 'Crispy fried potato sticks', 'Potatoes, vegetable oil, salt', 8.99, 'Lei', 'Side Dish'),
    (8, 'Mushroom Soup', 'Creamy soup with fresh mushrooms', 'Mushrooms, vegetable broth, cream', 25.99, 'Lei', 'Appetizer'),
    (9, 'Grilled Salmon', 'Grilled salmon fillet with lemon butter sauce', 'Salmon fillet, lemon, butter, herbs', 55.99, 'Lei', 'Main Course'),
    (10, 'Caprese Salad', 'Fresh mozzarella, tomatoes, and basil drizzled with balsamic glaze', 'Mozzarella cheese, tomatoes, basil, balsamic glaze', 33.99, 'Lei', 'Appetizer'),
    (11, 'Steak Frites', 'Grilled steak with French fries', 'Beef steak, French fries, seasoning', 79.99, 'Lei', 'Main Course'),
    (12, 'Bruschetta', 'Toasted bread topped with diced tomatoes, basil, and garlic', 'Bread, tomatoes, basil, garlic, olive oil', 33.99, 'Lei', 'Appetizer'),
    (13, 'Chicken Caesar Wrap', 'Grilled chicken wrapped in a tortilla with Caesar dressing', 'Grilled chicken, tortilla, lettuce, Caesar dressing', 37.99, 'Lei', 'Main Course'),
    (14, 'Cheese Platter', 'Assortment of artisan cheeses with crackers and fruits', 'Assorted cheeses, crackers, fruits', 42.99, 'Lei', 'Appetizer'),
    (15, 'Fish and Chips', 'Crispy battered fish with French fries', 'Fish fillet, batter, French fries, tartar sauce', 32.99, 'Lei', 'Main Course'),
    (16, 'Brussels Sprouts Salad', 'Shredded Brussels sprouts with bacon and vinaigrette', 'Brussels sprouts, bacon, vinaigrette dressing', 35.99, 'Lei', 'Appetizer'),
    (17, 'Penne Arrabiata', 'Pasta in a spicy tomato sauce', 'Penne pasta, spicy tomato sauce, chili flakes', 37.99, 'Lei', 'Main Course')
go
INSERT INTO OrderInformation (OrderID, DishID, TableNumber, WaiterName, OrderDateTime, Status)
VALUES
    (1, 1, 5, 'Sarah', '2023-06-18 12:30:00', 'Pending'),
    (2, 3, 2, 'John', '2023-06-18 13:15:00', 'Confirmed'),
    (3, 6, 8, 'Emily', '2023-06-18 13:45:00', 'Pending'),
    (4, 9, 3, 'Michael', '2023-06-18 14:00:00', 'Confirmed'),
    (5, 12, 4, 'Jessica', '2023-06-18 14:30:00', 'Confirmed'),
    (6, 15, 7, 'David', '2023-06-18 15:15:00', 'Pending'),
    (7, 2, 6, 'Olivia', '2023-06-18 15:30:00', 'Confirmed'),
    (8, 5, 1, 'Daniel', '2023-06-18 16:00:00', 'Pending'),
    (9, 8, 9, 'Sophia', '2023-06-18 16:30:00', 'Confirmed'),
    (10, 11, 10, 'Matthew', '2023-06-18 17:00:00', 'Confirmed'),
    (11, 14, 3, 'Amanda', '2023-06-18 17:30:00', 'Pending'),
    (12, 17, 5, 'Benjamin', '2023-06-18 18:00:00', 'Confirmed'),
    (13, 4, 2, 'James', '2023-06-18 18:30:00', 'Confirmed'),
    (14, 7, 8, 'Abigail', '2023-06-18 19:00:00', 'Pending'),
    (15, 10, 4, 'Joseph', '2023-06-18 19:30:00', 'Confirmed'),
    (16, 13, 6, 'Mia', '2023-06-18 20:00:00', 'Pending'),
    (17, 16, 1, 'Christopher', '2023-06-18 20:30:00', 'Confirmed');
go
INSERT INTO CustomerInformation (CustomerID, OrderID, CustomerName, ContactNumber, EmailAdress, ReservationStatus)
VALUES
    (1, 1, 'John Doe', '0723897856', 'john.doe@gmail.com', 'Confirmed'),
    (2, 2, 'Jane Smith', '0733698745', 'jane.smith@gmail.com', 'Pending'),
    (3, 3, 'Michael Johnson', '0774589612', 'michael.johnson@yahoo.com', 'Confirmed'),
    (4, 4, 'Emily Davis', '0733852963', 'emily.davis@gmail.com', 'Pending'),
    (5, 5, 'David Wilson', '0722741852', 'david.wilson@yahoo.com', 'Confirmed'),
    (6, 6, 'Sarah Anderson', '0771753951', 'sarah.anderson@yahoo.com', 'Pending'),
    (7, 7, 'Christopher Thompson', '0723357159', 'christopher.thompson@yahoo.com', 'Confirmed'),
    (8, 8, 'Jessica Martinez', '0722751953', 'jessica.martinez@gmail.com', 'Pending'),
    (9, 9, 'Matthew Robinson', '0733157359', 'matthew.robinson@gmail.com', 'Confirmed'),
    (10, 10, 'Amanda Lee', '0723756954', 'amanda.lee@gmail.com', 'Pending'),
    (11, 11, 'Daniel Wright', '0771012089', 'daniel.wright@yahoo.com', 'Confirmed'),
    (12, 12, 'Olivia Harris', '0722075095', 'olivia.harris@gmail.com', 'Pending'),
    (13, 13, 'James Clark', '0734326741', 'james.clark@gmail.com', 'Confirmed'),
    (14, 14, 'Sophia Rodriguez', '0721969447', 'sophia.rodriguez@gmail.com', 'Pending'),
    (15, 15, 'Joseph Walker', '0722522633', 'joseph.walker@yahoo.com', 'Confirmed'),
    (16, 16, 'Abigail Young', '0723112113', 'abigail.young@gmail.com', 'Pending');
go
INSERT INTO StaffInformation (StaffID, WaiterName, Role, Schedule, SalaryInformation)
VALUES
    (1, 'Sarah Smith', 'Waiter', 'Monday-Friday, 9AM-5PM', '1800 RON/month'),
    (2, 'John Johnson', 'Waitress', 'Tuesday-Saturday, 10AM-6PM', '2300 RON/month'),
    (3, 'Emily Brown', 'Waiter', 'Wednesday-Sunday, 12PM-8PM', '2300 RON/month'),
    (4, 'Michael Davis', 'Waitress', 'Thursday-Monday, 1PM-9PM', '1800 RON/month'),
    (5, 'Jessica Wilson', 'Waiter', 'Friday-Tuesday, 2PM-10PM', '1800 RON/month'),
    (6, 'David Martinez', 'Waitress', 'Saturday-Wednesday, 3PM-11PM', '2300 RON/month'),
    (7, 'Olivia Taylor', 'Waiter', 'Sunday-Thursday, 4PM-12AM', '2300 RON/month'),
    (8, 'Sophia Anderson', 'Waitress', 'Monday-Friday, 5PM-1AM', '2300 RON/month'),
    (9, 'Daniel Thomas', 'Waiter', 'Tuesday-Saturday, 6PM-2AM', '2300 RON/month'),
    (10, 'Matthew Garcia', 'Waitress', 'Wednesday-Sunday, 7PM-3AM', '1800 RON/month'),
    (11, 'Amanda Rodriguez', 'Waiter', 'Thursday-Monday, 8PM-4AM', '2300 RON/month'),
    (12, 'Benjamin Wilson', 'Waitress', 'Friday-Tuesday, 9PM-5AM', '1800 RON/month'),
    (13, 'James Martinez', 'Waiter', 'Saturday-Wednesday, 10PM-6AM', '2300 RON/month'),
    (14, 'Abigail Davis', 'Waitress', 'Sunday-Thursday, 11PM-7AM', '1800 RON/month'),
    (15, 'Mia Thompson', 'Waiter', 'Monday-Friday, 12AM-8AM', '2300 RON/month'),
    (16, 'Christopher Adams', 'Waitress', 'Tuesday-Saturday, 1AM-9AM', '1800 RON/month'),
    (17, 'Manuel Turner', 'Waiter', 'Wednesday-Sunday, 2AM-10AM', '1800 RON/month');
go
INSERT INTO InventoryManagement (IngID, IngredientName, Quantity, UnitOfMeasurement, PurchaseDate)
VALUES
    (1, 'Flour', 50, 'kg', '2023-06-01'),
    (2, 'Sugar', 30, 'kg', '2023-05-28'),
    (3, 'Salt', 20, 'kg', '2023-05-30'),
    (4, 'Milk', 40, 'liters', '2023-06-02'),
    (5, 'Eggs', 100, 'pieces', '2023-05-29'),
    (6, 'Butter', 25, 'kg', '2023-06-03'),
    (7, 'Chicken', 60, 'kg', '2023-06-05'),
    (8, 'Beef', 35, 'kg', '2023-06-01'),
    (9, 'Fish', 45, 'kg', '2023-06-04'),
    (10, 'Rice', 80, 'kg', '2023-06-02'),
    (11, 'Tomatoes', 70, 'kg', '2023-05-30'),
    (12, 'Onions', 60, 'kg', '2023-05-29'),
    (13, 'Garlic', 30, 'kg', '2023-06-01'),
    (14, 'Potatoes', 50, 'kg', '2023-05-31'),
    (15, 'Carrots', 40, 'kg', '2023-06-03'),
    (16, 'Lettuce', 20, 'kg', '2023-06-04'),
    (17, 'Cheese', 30, 'kg', '2023-05-30'),
    (18, 'Bread', 60, 'loaves', '2023-06-02'),
    (19, 'Mayonnaise', 25, 'liters', '2023-06-01'),
    (20, 'Ketchup', 40, 'liters', '2023-06-03');
go
INSERT INTO SalesInformation (SalesID, SalesDate, TotalSales, Currency)
VALUES
    (1, '2023-06-01', '12.000', 'Lei'),
    (2, '2023-06-02', '8.052', 'Lei'),
    (3, '2023-06-03', '15.300', 'Lei'),
    (4, '2023-06-04', '35.250', 'Lei'),
    (5, '2023-06-05', '45.003', 'Lei'),
    (6, '2023-06-06', '86.901', 'Lei'),
    (7, '2023-06-07', '14.556', 'Lei'),
    (8, '2023-06-08', '52.000', 'Lei'),
    (9, '2023-06-09', '15.521', 'Lei'),
    (10, '2023-06-10', '6.985', 'Lei'),
    (11, '2023-06-11', '52.000', 'Lei'),
    (12, '2023-06-12', '76.223', 'Lei'),
    (13, '2023-06-13', '7.854', 'Lei'),
    (14, '2023-06-14', '45.325', 'Lei'),
    (15, '2023-06-15', '78.110', 'Lei'),
    (16, '2023-06-16', '12.305', 'Lei'),
    (17, '2023-06-17', '8.412', 'Lei'),
    (18, '2023-06-18', '6.120', 'Lei'),
    (19, '2023-06-19', '63.012', 'Lei'),
    (20, '2023-06-20', '10.003', 'Lei');
go
INSERT INTO VendorInformation (VendorID, VendorName, OrderHistory)
VALUES
    (1, 'METRO', '2022-05-01'),
    (2, 'METRO', '2022-04-28'),
    (3, 'Selgros', '2022-05-30'),
    (4, 'Selgros', '2022-05-02'),
    (5, 'Sergiana', '2022-05-29'),
    (6, 'Bertis', '2022-06-03'),
    (7, 'Bertis', '2022-06-05'),
    (8, 'METRO', '2022-06-01'),
    (9, 'Sergiana', '2022-06-04'),
    (10, 'Sergiana', '2022-06-02'),
    (11, 'METRO', '2022-06-10'),
    (12, 'Selgros', '2022-06-12'),
    (13, 'Selgros', '2022-06-08'),
    (14, 'Bertis', '2022-06-14'),
    (15, 'Bertis', '2022-06-15'),
    (16, 'METRO', '2022-06-11'),
    (17, 'METRO', '2022-06-18'),
    (18, 'Selgros', '2022-06-20'),
    (19, 'Sergiana', '2022-06-17'),
    (20, 'METRO', '2022-06-19');
go
INSERT INTO Feedback (CustomerFeedback, FoodQuality, OverallExperience)
VALUES
    ('Great service and delicious food!', 'Excellent', '5'),
    ('The food was amazing!', 'Outstanding', '5'),
    ('The service was excellent!', 'Good', '4'),
    ('The food quality could be improved.', 'Fair', '3'),
    ('Average experience overall.', 'Average', '3'),
    ('The food was disappointing.', 'Poor', '1'),
    ('Service was slow and food was cold.', 'Poor', '1'),
    ('The food tasted bland.', 'Fair', '3'),
    ('Amazing flavors and presentation!', 'Excellent', '5'),
    ('Service was friendly and attentive.', 'Good', '4'),
    ('The food was overcooked.', 'Fair', '3'),
    ('The atmosphere was cozy and inviting.', 'Good', '4'),
    ('Food portions were small.', 'Fair', '3'),
    ('The food was delicious, but service could be improved.', 'Good', '4'),
    ('Excellent food quality and presentation!', 'Excellent', '5'),
    ('The waitstaff was knowledgeable and helpful.', 'Good', '4'),
    ('The food was too salty.', 'Poor', '2'),
    ('The ambiance was noisy and crowded.', 'Fair', '3'),
    ('The food was fresh and flavorful!', 'Excellent', '5'),
    ('Service was slow and inattentive.', 'Poor', '2');
go